﻿<?xml version="1.0" encoding="utf-8"?>
<Defs>
  <RulePackDef>
    <defName>SeaShantyDescOne</defName>
    <rulePack>
      <rulesStrings>
        <li>r_art_description->Can you hear the sirens resound? - From the coastline of Ireland tonight - It's the song of promising heart - Of the souls that the ocean unite. ~|~ And she stands by the window alone - staring into the rain - she is trying to guide his way home - from the waters that keep them apart. ~|~ So she lights up a candle for hope to be found - captive and blind by the darkness around - firm as a mountain, she never will mourn - timeless awaiting the break of dawn.</li>
        <li>r_art_description->Can you hear the sailorman's hymn? - as it comes with the rise of the tide - it is sung where the rainbow begins - as a comfort for tears she has cried. ~|~ She remains by the window alone - staring into the rain - she is trying to guide his way home - keeps on praying for god to protect him. ~|~ She lights up a candle for hope to be found - captive and blind by the darkness around - each wave a promise, a new hope reborn - sunrise consoles at the break of dawn.</li>
        <li>r_art_description->She lights up a candle for hope to be found - captive and blind by the darkness around - firm as a mountain, she never will mourn - timeless! ~|~ She lights up a candle for hope to be found - captive and blind by the darkness around - each wave a promise! ~|~ Sunrise consoles at the break of dawn.</li>
        <li>r_art_description->So if all come together, we know what to do! - We all come together just to sing we love you! - And if we all come together, we know what to do! - We all come together just for you!</li>
        <li>r_art_description->Racing all around the seven seas - Chasing all the girls making robberies - Causing panic everywhere they go - Party hardy on Titanic!</li>
        <li>r_art_description->Sailing, sailing, jumping off the railing! - Drinking, drinking, 'till the ship is sinking! - Gambling, stealing, lots of sex-appealing - Come, let us sing the sailor song!</li>
        <li>r_art_description->We're band of vicious pirates! A sailin' out to sea. When you hear our gentle singing. You'll be sure to turn and flee! - A pirate I was meant to be! Trim the sails and roam the sea!</li>
        <li>r_art_description->"Come on, men! we've got to recover that map!" - "That pirate will be done for, when he falls into our trap!" - We're a club of toneful rovers! We can sing in every clef! We can even hit the high notes! It's just too bad we're tone deaf! - A pirate I was meant to be! Trim the sails and roam the sea!</li>
        <li>r_art_description->"Let's go defeat that evil pirate!" - "We know he's sure to lose, 'cause we know just where to fire at!" - We're thieving balladeers. A gang of cutthroat mugs. To fight us off ye don't need guns! Just really good ear plugs! - A pirate I was meant to be! Trim the sails and roam the sea!</li>
        <li>r_art_description->"All right, crew, let's get to work!" - "Our vocation is a thing we love, a thing we'd never shirk" - We'll fight you in the harbor. We'll battle you on land. But when you meet singing pirates.. "..They'll be more than you can stand." - "Oooh! that was a good one!" - "No, it wasn't."</li>
        <li>r_art_description->"No time for song! We've got to move!" - "The battle will be long, but our courage we will prove!" - We're a pack a' scurvy sea dogs. Have we pity? not a dram! We all eat roasted garlic.. ..then sing from the diaphragm! - A pirate I was meant to be! Trim the sails and roam the sea!</li>
        <li>r_art_description->"Less singing, more sailing." - "When we defeat our wicked foe, his ship he will be bailing!" - If ye try ta fight us.. ..you get a nasty whackin'! If ya disrespect our singin'.. ..we will feed ya to a kraken! - A pirate I was meant to be! Trim the sails and roam the sea!</li>
        <li>r_art_description->"I'm getting so sick of you guys and your rhyming." - "We're ready to set sail, though the cannons need a priming." - We're troublesome corsairs! And we've come to steal your treasures! We would shoot you on the downbeat.. ..but we got to rest five measures. - A pirate I was meant to be! Trim the sails and roam the sea!</li>
        <li>r_art_description->"Stop! Stop! Stop!" - "The brass is what we'll polish and the deck is what we'll mop." - You say you're nasty pirates.. ..scheming, thieving, bad bushwhackers? From what I've seen I tell you.. ..You're not pirates! you're just slacke- A pirate I was meant to be! Trim the sails and roam the sea!</li>
        <li>r_art_description->Sheeeeeeeeeeeeeeeeeeeeeee will kiss 'til your lip bleeds. But she will not take her dress off. Americana, tropicana ~|~ All the sailor boys have demons. They sing "Oh Kentucky why did you forsake me? if I was meant to sail the sea. why did you make me? should've been another state. oh state.. ~|~ 'cause Mary Anne's a bitch. Mary Anne's a bitch. Mary Anne's a bitch. Mary Anne's a bitch. Mary Anne's a bii-iitch!</li>
        <li>r_art_description->Does it matter that our anchors couldn't even reach the bottom of a bath tub? And the sails reflect the moon. It's such a strange job. Playing blackjack on the deck. Still, atop this giant bottle dressed in white. We quietly huddle with our missiles. And we miss the girls back home. Oh home sweet home. ~|~ 'cause Mary Anne's a bitch. Mary Anne's a bitch. Mary Anne's a bitch. Mary Anne's a bitch. Mary Anne's a bii-iitch</li>
        <li>r_art_description-> She will kiss until your lip bleeds. But she will not take her dress off. Americana, tropicana, americana, tropicana, americanaaaa, americanaaaaaa..</li>
        <li>r_art_description->Shiver my timbers. shiver my soul - Yo oh heave ho! There are men whose hearts are as black as coal - Yo oh heave ho! And they sailed their ship cross the ocean blue. A blood-thirsty captain and a cut-throat crew. Its as dark a tale as was ever told. Of the lust for treasure and the love of gold</li>
        <li>r_art_description->Shiver my timbers, shiver my sides - Yo oh heave ho! There are hungers as strong as the wind and tides - Yo oh heave ho! And those buccaneers drowned their sins in rum. The devil himself would have to call them scum. Every man aboard would have killed his mate. For a bag of guineas or a piece of eight. A piece of eight! A piece of eight! five, six, seven, eight! Hulla wacka ulla wacka something not right. Many wicked icky things gonna happen tonight. Hulla wacka ulla wacka sailor man beware. When theres money in the ground theres murder in the air, Murder in the air! One more time now!</li>
        <li>r_art_description->Shiver my timbers, shiver my bones - Yo oh heave ho! There are secrets that sleep with old Davy Jones - Yo oh heave ho! When the mainsails set and the anchors weighed. Theres no turning back from any course thats laid. And when greed and villainy sail the sea. You can bet your boots there'll be treachery.. treachery.. treachery..</li>
        <li>r_art_description->Oh, five hundred and eight bottles of beer on the wall, five hundred and eight bottles of beer. You take one down, pass it around. Oh, five hundred and seven bottles of beer on the wall- (repeat until you pass out, or zero has been reached).</li>
        <li>r_art_description->Oh, four hundred eighty four bottles of beer on the wall, four hundred eighty four bottles of beer. You take one down, pass it around. Oh, four hundred eighty three of bottles of beer on the wall- (repeat until you pass out, or zero has been reached).</li>
        <li>r_art_description->Oh, two hundred forty nine bottles of beer on the wall, two hundred forty nine bottles of beer. You take one down, pass it around. Oh, two hundred forty eight bottles of beer bottles of beer on the wall- (repeat until you pass out, or zero has been reached).</li>
        <li>r_art_description->We drink drink drink drink drink the whole bottle through. To drink drink drink drink drink is what we like to do. It ain't no trick to get wasted quick. if you drink drink drink bottle of rum or grog. it's fine! it's fine! it's fine! it's fine! Where a million pirates dine!</li>
        <li>r_art_description->We drink drink drink drink drink from early morn till night. To drink drink drink drink drink everything in sight. We drink up bottles by the score. A thousand ales, sometimes more. But we don't know what we drink 'em for. We drink drink drink a-drink drink!</li>
        <li>r_art_description->Yo ho, heave ho, heigh-ho, heigh-ho, heigh-ho, heigh-ho-rum *whistle*. Yo ho, heave ho! From raids to home we go! *whistle*. Yo ho, heigh-ho heave-ho oh-no!</li>
        <li>r_art_description-> What will we do with a drunken sailor? What will we do with a drunken sailor? What will we do with a drunken sailor? Early in the morning; Way hay and up she rises, Way hay and up she rises, Way hay and up she rises, Early in the morning.</li>
        <li>r_art_description->Shave his belly with a rusty razor, Shave his belly with a rusty razor, Shave his belly with a rusty razor, Early in the morning; Way hay and up she rises, Way hay and up she rises, Way hay and up she rises, Early in the morning.</li>
        <li>r_art_description->Put him in the longboat until he's sober, Put him in the longboat until he's sober, Put him in the longboat until he's sober, Early in the morning; Way hay and up she rises, Way hay and up she rises, Way hay and up she rises, Early in the morning.</li>
        <li>r_art_description->Stick him in the scrubbers with a hosepipe on him, Stick him in the scrubbers with a hosepipe on him, Stick him in the scrubbers with a hosepipe on him, Early in the morning; Way hay and up she rises, Way hay and up she rises, Way hay and up she rises, Early in the morning.</li>
        <li>r_art_description->Put him in the bed with the captain's daughter, Put him in the bed with the captain's daughter, Put him in the bed with the captain's daughter, Early in the morning; Way hay and up she rises, Way hay and up she rises, Way hay and up she rises, Early in the morning.</li>
        <li>r_art_description->That's not good enough, that's not good enough, that's not good enough, Drinks all around, drinks all around. Why is the rum gone?!</li>
        <li>r_art_description->Why's the rum gone? One! why's the rum gone? Two! One! two! the rum is gone! the rum is gone! Yes! the rum is gone! why is why is why is the rum gone?</li>
        <li>r_art_description->Fifteen men on a dead man's chest, Yo ho ho and a bottle of rum! Drink and the devil had done for the rest, Yo ho ho and a bottle of rum. The mate was fixed by the bosun's pike, The bosun brained with a marlinspike, And cookey's throat was marked belike, It had been gripped by fingers ten; And there they lay, all good dead men, Like break o'day in a boozing ken. Yo ho ho and a bottle of rum.</li>
        <li>r_art_description->Fifteen men of 'em stiff and stark, Yo ho ho and a bottle of rum! Ten of the crew had the murder mark! Yo ho ho and a bottle of rum! Twas a cutlass swipe or an ounce of lead, Or a yawing hole in a battered head, And the scuppers' glut with a rotting red, And there they lay, aye, damn my eyes, Looking up at paradise, All souls bound just contrariwise, Yo ho ho and a bottle of rum.</li>
        <li>r_art_description->Fifteen men of 'em good and true, Yo ho ho and a bottle of rum! Ev'ry man jack could ha' sailed with Old Pew, Yo ho ho and a bottle of rum! There was chest on chest of Spanish gold, With a ton of plate in the middle hold, And the cabins riot of stuff untold, And they lay there that took the plum, With sightless glare and their lips struck dumb, While we shared all by the rule of thumb, Yo ho ho and a bottle of rum!</li>
        <li>r_art_description->Four and twenty virgins / Came down from Inverness / And when the ball was over / There were four and twenty less.</li>
	<li>r_art_description->The Galacian girls will do it for pearls / And the Arrakeen do it for water / But if you desire dames like consuming flames / Try a Caladanin daughter!</li>
	<li>r_art_description->We'll heave him up an away we'll go / 'Way, me Susiana! / We'll heave him up an away we'll go / We're all bound over the mountain! - We'll heave him up from down below / 'Way, me Susiana! / Oh, this is where the cocks do crow / We're all bound over the mountain! - And if we drown while we are young / 'Way, me Susiana! / It's better to drown than to wait to be hung / We're all bound over the mountain! - Oh, growl ye may but go ye must / 'Way, me Susiana! / If you growl too hard your head they'll bust / We're all bound over the mountain!</li>
	<li>r_art_description->Because mutiny on the bounty's what we're all about / I'm gonna board your ship and turn it on out / No soft sucker with a parrot on his shoulder / 'Cause I'm bad, gettin' bolder, cold getting colder / Terrorizing suckers on the seven seas / And if you've got beef, you'll get capped in the knees / We got sixteen men on a dead man's chest / And I shot those suckers and I'll shoot the rest!</li>
	<li>r_art_description->Snatching gold chains, nicking pieces of eight / I got your money and your honey and the fly name plate / We got wenches on the benches, and bitties with titties / Housing all girlies from city to city / One for all and all for one / Taking out MCs with a big shotgun / All for one and one for all / Because the Beastie Boys have gone AWOL! / Friggin' in the riggin' and cuttin' your throat / Big biting suckers getting thrown in the moat / We got maidens and wenches, man - they're on the ace / Captain Bly is gonna die when we break his face!</li>
	<li>r_art_description->Yo-ho-ho and a pint of Brass Monkey / And when my girlie shakes her hips, she sure gets funky / Skirt chasing, free basing, killing every village / We drink and rob and rhyme and pillage!</li>
	<li>r_art_description->There once was a ship that put to sea / The name of the ship was the Billy of Tea / The winds blew up, her bow dipped down / Oh blow, my bully boys, blow (huh) / Soon may the Wellerman come / To bring us sugar and tea and rum / One day, when the tonguing is done / We'll take our leave and go</li>
	<li>r_art_description->She'd not been two weeks from shore / When down on her a right whale bore / The captain called all hands and swore / He'd take that whale in tow (huh) / Soon may the Wellerman come / To bring us sugar and tea and rum / One day, when the tonguing is done / We'll take our leave and go</li>
	<li>r_art_description->Before the boat had hit the water / The whale's tail came up and caught her / All hands to the side, harpooned and fought her / When she dived down low (huh) / Soon may the Wellerman come / To bring us sugar and tea and rum / One day, when the tonguing is done / We'll take our leave and go</li>
	<li>r_art_description->No line was cut, no whale was freed / The captain's mind was not of greed / And he belonged to the Whaleman's creed / She took that ship in tow (huh) / Soon may the Wellerman come / To bring us sugar and tea and rum / One day, when the tonguing is done / We'll take our leave and go</li>
	<li>r_art_description->For forty days or even more / The line went slack then tight once more / All boats were lost, there were only four / But still that whale did go (huh) / Soon may the Wellerman come / To bring us sugar and tea and rum / One day, when the tonguing is done / We'll take our leave and go</li>	
	<li>r_art_description->As far as I've heard, the fight's still on / The line's not cut, and the whale's not gone / The Wellerman makes his regular call / To encourage the captain, crew and all (huh) / Soon may the Wellerman come / To bring us sugar and tea and rum / One day, when the tonguing is done / We'll take our leave and go</li>
	<li>r_art_description->Your love is cradled in knowing / Eyes in the mirror still expecting their prey / Sensing too well when the journey is done / There is no turning back, no / There is no turning back on the run</li>
	<li>r_art_description->Big bottom / Big bottom / Talk about bum cakes / My gal's got 'em / Big bottom / Drive me out of my mind / How can I leave this behind?</li>
	<li>r_art_description->I promised her rings for her fingers / Sparkling flowers for her flaxen hair / I swore that I'd never / Set sail in foul weather / But stay by her side at the shore / Fare thee well oh you Barbary merchants / Fare thee well to the Spanish blockade / Fare thee well to the straits of Gibraltar / And thee treacherous seas of Cathay</li>
	<li>r_art_description->Oh don't give me none more of that Old Janx Spirit / No, don't you give me none more of that Old Janx Spirit / For my head will fly, my tongue will lie, my eyes will fry and I may die / Won't you pour me one more of that sinful Old Janx Spirit</li>
        <li>r_art_description->Well I'm not the kind to live in the past / The years run too short and the days too fast / The things you lean on are the things that don't last / Well it's just now and then my line gets cast into these / Time passages / There's something back here that you left behind / Oh time passages / Buy me a ticket on the last train home tonight</li>
	<li>r_art_description->She doesn't give you time for questions / As she locks up your arm in hers / And you follow 'till your sense of which direction / Completely disappears / By the blue tiled walls near the market stalls / There's a hidden door she leads you to / These days, she says, I feel my life / Just like a river running through / The year of the cat</li>
	<li>r_art_description->I teleported home one night / With Ron and Sid and Meg / Ron stole Meggie's heart away / And I got Sidney's leg</li>
	<li>r_art_description->Try to wait for the sky to fall / Kinda hard not to see it all / Whisper a song of winter in your heart / Yeah yeah yeah</li>
      </rulesStrings>
    </rulePack>
  </RulePackDef>
</Defs>