<?xml version="1.0" encoding="utf-8"?>
<Defs>

<PawnKindDef>
    <defName>Pirate_Lizardfolk</defName>
    <label>Lizardfolk pirate</label>
    <race>FR_Alien_Croco</race>
    <combatPower>55</combatPower>
    <defaultFactionType>PirateCrewScum</defaultFactionType>
    <baseRecruitDifficulty>0.90</baseRecruitDifficulty>
    <backstoryFilters>
      <li>
        <categories>
          <li>Outlander</li>
        </categories>
      </li>
    </backstoryFilters>
    <invNutrition>1</invNutrition>    
    <minGenerationAge>35</minGenerationAge>
    <maxGenerationAge>700</maxGenerationAge> 
    <canBeSapper>true</canBeSapper>
    <isGoodBreacher>true</isGoodBreacher>   
    <gearHealthRange>
      <min>0.4</min>
      <max>1.5</max>
    </gearHealthRange>
    <apparelMoney>
      <min>2000</min>
      <max>5000</max>
    </apparelMoney>
    <apparelTags>      
      <li>Pirate</li>
      <li>PirateMate</li>
      <li>PirateCaptain</li>    
    </apparelTags>
    <apparelRequired>
      <li>Pirate_Uniform</li>
    </apparelRequired>
    <apparelAllowHeadgearChance>0.8</apparelAllowHeadgearChance>
	<apparelIgnoreSeasons>true</apparelIgnoreSeasons>
    <weaponMoney>
      <min>2450</min>
      <max>5000</max>
    </weaponMoney>
    <weaponTags>
      <li>PirateGun</li>
      <li>PirateMelee</li>
      <li>PirateGrenade</li>
    </weaponTags>
    <techHediffsMoney>
      <min>0</min>
      <max>35</max>
    </techHediffsMoney>
    <techHediffsTags>
      <li>Poor</li>
    </techHediffsTags>
    <techHediffsChance>0.1</techHediffsChance>
    <inventoryOptions>
      <skipChance>0.3</skipChance>
      <subOptionsChooseOne>
        <li>
          <thingDef>Silver</thingDef>
          <countRange>
            <min>30</min>
            <max>50</max>
          </countRange>
        </li>        
	<li>
          <thingDef>TreasureMap</thingDef>
          <countRange>
            <min>1</min>
            <max>1</max>
          </countRange>
        </li>
	<li>
          <thingDef>LetterMarque</thingDef>
          <countRange>
            <min>1</min>
            <max>1</max>
          </countRange>
        </li>
      </subOptionsChooseOne>
    </inventoryOptions>
    <initialWillRange>0~1</initialWillRange>
    <initialResistanceRange>10~20</initialResistanceRange>
  </PawnKindDef>

</Defs>