﻿<?xml version="1.0" encoding="utf-8"?>
<Defs> 

  <FactionDef ParentName="FactionBase" Name="PirateCrewBase" Abstract="True">    
    <categoryTag>Outlander</categoryTag>
    <basicMemberKind>Pirate_Deckswab</basicMemberKind>
    <label>Corsair</label>
    <description>A baseline human, hardened by the windy seas. Scurvy ridden specimen of base human, lots of Yarr. A bunch of untrustworthy cutthroats.</description>
    <pawnSingular>scurvy seadog</pawnSingular>
    <pawnsPlural>scurvy seadogs</pawnsPlural>    
    <canMakeRandomly>true</canMakeRandomly>
    <canSiege>false</canSiege>
    <canStageAttacks>true</canStageAttacks>    
    <leaderTitle>King</leaderTitle>
    <permanentEnemy>true</permanentEnemy>
    <allowedCultures><li>PirateCrewCulture</li></allowedCultures>
    <factionNameMaker>NamerFactionPirateCrew</factionNameMaker>
    <settlementNameMaker>NamerSettlementPirateCrew</settlementNameMaker>
	<fixedLeaderKinds>
      <li>Pirate_King</li>
    </fixedLeaderKinds>    
    <techLevel>Medieval</techLevel>
    <backstoryFilters>
      <li>
        <categories>
          <li>Outlander</li>
 	  <li>Offworld</li>
	  <li>Pirate</li>	  
        </categories>
      </li>
    </backstoryFilters>
    <visitorTraderKinds>
      <li>Visitor_Pirate_OldSalt</li>
    </visitorTraderKinds>
    <allowedArrivalTemperatureRange>-40~45</allowedArrivalTemperatureRange>
    <raidLootMaker>PirateRaidLootMaker</raidLootMaker>
    <maxPawnCostPerTotalPointsCurve>
      <points>
        <li>(0,35)</li>
        <li>(70, 50)</li>
        <li>(700, 100)</li>
        <li>(1300, 150)</li>
        <li>(100000, 10000)</li>
      </points>
    </maxPawnCostPerTotalPointsCurve>
    <pawnGroupMakers>
      <li>
        <!-- Normal fights -->
        <kindDef>Combat</kindDef>
        <commonality>100</commonality>
        <disallowedStrategies>
          <li>Siege</li>
        </disallowedStrategies>
        <options>
          <Pirate_Gunner>7</Pirate_Gunner>
          <Pirate_Captain>2</Pirate_Captain>
          <Pirate_Duelist>7</Pirate_Duelist>
          <Pirate_Swashbuckler>10</Pirate_Swashbuckler>
          <Pirate_Voodoo>3</Pirate_Voodoo>
          <Pirate_Deckswab>10</Pirate_Deckswab>            
	  <Pirate_Cannoneer>1</Pirate_Cannoneer>
	  <Pirate_Grenadier>1</Pirate_Grenadier>
	  <Pirate_King>0.1</Pirate_King>          
        </options>
      </li>
      <li>
        <!-- Base defense -->
        <kindDef>Settlement</kindDef>
        <options>
          <Pirate_Gunner>10</Pirate_Gunner>
          <Pirate_Captain>3</Pirate_Captain>
          <Pirate_Duelist>10</Pirate_Duelist>	  
          <Pirate_Swashbuckler>10</Pirate_Swashbuckler>
          <Pirate_Voodoo>3</Pirate_Voodoo>
          <Pirate_Deckswab>5</Pirate_Deckswab>            
	  <Pirate_Cannoneer>1</Pirate_Cannoneer>
	  <Pirate_Grenadier>1</Pirate_Grenadier>
	  <Pirate_King>0.25</Pirate_King>          
        </options>
      </li>
      <li>
        <!-- Voodoo hoodoo -->
        <kindDef>Combat</kindDef>
        <commonality>20</commonality>
        <disallowedStrategies>
          <li>Siege</li>
        </disallowedStrategies>
        <options>          
          <Pirate_Captain>5</Pirate_Captain>
	  <Pirate_Voodoo>10</Pirate_Voodoo>
          <Pirate_Swashbuckler>5</Pirate_Swashbuckler>	  
	  <Pirate_Grenadier>2</Pirate_Grenadier>
	  <Pirate_King>0.1</Pirate_King>          
        </options>
      </li>	
      <li>
        <!-- Cannon fodder (rare) -->
        <kindDef>Combat</kindDef>
        <commonality>10</commonality>
	<maxTotalPoints>1000</maxTotalPoints>
        <disallowedStrategies>
          <li>Siege</li>
        </disallowedStrategies>
        <options>          
          <Pirate_Deckswab>10</Pirate_Deckswab>
        </options>
      </li>
    </pawnGroupMakers>        
  </FactionDef>

<FactionDef ParentName="PirateCrewBase">
		<defName>PirateCrewScum</defName>
		<label>Sea Pirate Scum</label>
		<description>A dangerous band of scurvy gallows bait.</description>
		<colorSpectrum>
			<li>(102, 0, 204)</li>
			<li>(0, 24, 204)</li>
			<li>(204, 8, 0)</li>			
		</colorSpectrum>
   		<naturalEnemy>true</naturalEnemy>
		<classicIdeo>true</classicIdeo>		
		<settlementGenerationWeight>0.5</settlementGenerationWeight>
		<factionIconPath>World/WorldObjects/Expanding/PirateOutpost</factionIconPath>
    		<settlementTexturePath>World/WorldObjects/DefaultSettlement</settlementTexturePath>		
		<maxConfigurableAtWorldCreation>9999</maxConfigurableAtWorldCreation>
		<configurationListOrderPriority>30</configurationListOrderPriority>
	</FactionDef>

<ThingSetMakerDef>
    <defName>PirateRaidLootMaker</defName>
    <root Class="ThingSetMaker_MarketValue">
      <fixedParams>
        <filter>
          <thingDefs>
            <li>Silver</li>
            <li>SeaShanty_Note</li>
            <li>Zal_Rum</li>
            <li>PirateRutter</li>
            <li>TreasureMap</li>
	    <li>LetterMarque</li>
          </thingDefs>
        </filter>
      </fixedParams>
    </root>
  </ThingSetMakerDef>

</Defs>