<?xml version="1.0" encoding="utf-8"?>
<Defs>
<PawnKindDef>
    <defName>Pirate_Formic</defName>
    <label>Formic pirate</label>
    <race>RedFormic</race>
    <combatPower>60</combatPower>
    <defaultFactionType>PirateCrewScum</defaultFactionType>
    <baseRecruitDifficulty>0.90</baseRecruitDifficulty>
    <backstoryFilters>
      <li>
        <categories>
          <li>Outlander</li>
        </categories>
      </li>
    </backstoryFilters>
    <invNutrition>1</invNutrition>    
    <minGenerationAge>35</minGenerationAge>
    <maxGenerationAge>700</maxGenerationAge>    
    <gearHealthRange>
      <min>0.4</min>
      <max>1.5</max>
    </gearHealthRange>
    <apparelMoney>
      <min>1000</min>
      <max>3000</max>
    </apparelMoney>
    <apparelTags>
      <li>Pirate</li>
      <li>PirateHat</li>    
    </apparelTags>
    <apparelAllowHeadgearChance>0.6</apparelAllowHeadgearChance>
	<apparelIgnoreSeasons>true</apparelIgnoreSeasons>
    <weaponMoney>
      <min>1500</min>
      <max>4000</max>
    </weaponMoney>
    <weaponTags>
      <li>PirateGun</li>
      <li>PirateMelee</li>
    </weaponTags>
    <techHediffsMoney>
      <min>0</min>
      <max>35</max>
    </techHediffsMoney>
    <techHediffsTags>
      <li>Poor</li>
    </techHediffsTags>
    <techHediffsChance>0.1</techHediffsChance>
    <inventoryOptions>
      <skipChance>0.3</skipChance>
      <subOptionsChooseOne>
        <li>
          <thingDef>Silver</thingDef>
          <countRange>
            <min>30</min>
            <max>50</max>
          </countRange>
        </li>        
	<li>
          <thingDef>TreasureMap</thingDef>
          <countRange>
            <min>1</min>
            <max>1</max>
          </countRange>
        </li>
	<li>
          <thingDef>LetterMarque</thingDef>
          <countRange>
            <min>1</min>
            <max>1</max>
          </countRange>
        </li>
      </subOptionsChooseOne>
    </inventoryOptions>
    <initialWillRange>0~2</initialWillRange>
    <initialResistanceRange>10~20</initialResistanceRange>
  </PawnKindDef>

</Defs>