<?xml version="1.0" encoding="utf-8"?>
<Defs>
 <SoundDef>
    <defName>Shot_FlintlockPistol</defName>
    <context>MapOnly</context>    
    <maxSimultaneous>1</maxSimultaneous>
    <subSounds>
      <li>
        <grains>
          <li Class="AudioGrain_Clip">
            <clipPath>FlintlockPistol</clipPath>
          </li>
        </grains>
        <pitchRange>
          <min>0.9770592</min>
          <max>1.114706</max>
        </pitchRange>
        <sustainLoop>False</sustainLoop>
      </li>
    </subSounds>
  </SoundDef>
 </Defs>