<?xml version="1.0" encoding="utf-8" ?>
<Defs>

<ProcessorFramework.ProcessDef>
  <defName>Rum</defName>
  <thingDef>Zal_Rum</thingDef>
  <ingredientFilter>
    <thingDefs>
      <li>Molasses</li>
    </thingDefs>
  </ingredientFilter>
  <processDays>6</processDays> <!-- in days, a day is 60,000 ticks -->
  <capacityFactor>1.0</capacityFactor>
  <efficiency>0.20</efficiency>
  <usesTemperature>true</usesTemperature>
  <temperatureSafe>-1.0~32.0</temperatureSafe>
  <temperatureIdeal>7.0~32.0</temperatureIdeal>
  <ruinedPerDegreePerHour>2.5</ruinedPerDegreePerHour> <!-- percent per degree per hour -->
  <speedBelowSafe>0.1</speedBelowSafe>
  <speedAboveSafe>1.0</speedAboveSafe>
  <sunFactor>1.0~1.0</sunFactor>
  <rainFactor>1.0~1.0</rainFactor>
  <snowFactor>1.0~1.0</snowFactor>
  <windFactor>1.0~1.0</windFactor>
  <unpoweredFactor>0.0</unpoweredFactor>
  <unfueledFactor>0.0</unfueledFactor>
  <powerUseFactor>1.0</powerUseFactor>
  <fuelUseFactor>1.0</fuelUseFactor>
  <filledGraphicSuffix></filledGraphicSuffix>
  <usesQuality>false</usesQuality>
  <qualityDays>(1, 2, 3, 4, 5, 6, 7)</qualityDays>
  <color>(255, 255, 255)</color> <!-- 0-255 or 0.0-1.0 -->
  <customLabel></customLabel>
  <destroyChance>0.0</destroyChance>
  <bonusOutputs>
    <Rat>(1.0, 1)</Rat>
  </bonusOutputs>
</ProcessorFramework.ProcessDef>
  
</Defs>