﻿<?xml version="1.0" encoding="utf-8"?>
<Defs>
  <PawnKindDef>
    <defName>Pirate_Deckswab</defName>
    <label>deckswab</label>
    <race>Human</race>
    <combatPower>30</combatPower>
    <defaultFactionType>PirateCrewScum</defaultFactionType>
    <baseRecruitDifficulty>0.65</baseRecruitDifficulty>
    <backstoryFilters>
      <li>
        <categories>
          <li>Outlander</li>	  
        </categories>
      </li>
    </backstoryFilters>
    <isFighter>true</isFighter>
    <invNutrition>1</invNutrition>
    <backstoryCryptosleepCommonality>0.01</backstoryCryptosleepCommonality>
    <maxGenerationAge>40</maxGenerationAge>
    <gearHealthRange>
      <min>0.5</min>
      <max>1.8</max>
    </gearHealthRange>
    <apparelMoney>
      <min>500</min>
      <max>1000</max>
    </apparelMoney>
    <apparelAllowHeadgearChance>0.5</apparelAllowHeadgearChance>
	<apparelIgnoreSeasons>true</apparelIgnoreSeasons>
    <apparelTags>
      <li>Pirate</li>
      <li>PirateHat</li>
    </apparelTags>
    <weaponMoney>
      <min>500</min>
      <max>1000</max>
    </weaponMoney>
    <weaponTags>
      <li>PirateMelee</li>
      <li>PirateFlag</li>
    </weaponTags>
    <inventoryOptions>
      <skipChance>0.7</skipChance>
      <subOptionsChooseOne>        
        <li>
          <thingDef>SeaShanty_Note</thingDef>
          <countRange>
            <min>1</min>
            <max>1</max>
          </countRange>
        </li>
	<li>
          <thingDef>Zal_Rum</thingDef>
          <countRange>
            <min>2</min>
            <max>4</max>
          </countRange>
        </li>
      </subOptionsChooseOne>
    </inventoryOptions>
    <initialWillRange>0~1</initialWillRange>
    <initialResistanceRange>7~12</initialResistanceRange>
  </PawnKindDef>

  <PawnKindDef>
    <defName>Pirate_Gunner</defName>
    <label>gunner</label>
    <race>Human</race>
    <combatPower>50</combatPower>
    <defaultFactionType>PirateCrewScum</defaultFactionType>
    <baseRecruitDifficulty>0.70</baseRecruitDifficulty>
    <backstoryFilters>
      <li>
        <categories>
          <li>Outlander</li>
        </categories>
      </li>
    </backstoryFilters>
    <isFighter>true</isFighter>
    <invNutrition>1</invNutrition>
    <backstoryCryptosleepCommonality>0.01</backstoryCryptosleepCommonality>
    <maxGenerationAge>40</maxGenerationAge>
    <gearHealthRange>
      <min>0.5</min>
      <max>1.8</max>
    </gearHealthRange>
    <disallowedTraits>      
      <li>Brawler</li>
    </disallowedTraits>
	<apparelIgnoreSeasons>true</apparelIgnoreSeasons>
    <apparelMoney>
      <min>500</min>
      <max>1000</max>
    </apparelMoney>
    <apparelAllowHeadgearChance>0.5</apparelAllowHeadgearChance>
    <apparelTags>
      <li>Pirate</li>
      <li>PirateHat</li>
    </apparelTags>
    <weaponMoney>
      <min>600</min>
      <max>1800</max>
    </weaponMoney>
    <weaponTags>
      <li>PirateGun</li>
    </weaponTags>
    <inventoryOptions>
      <skipChance>0.7</skipChance>
      <subOptionsChooseOne>
        <li>
          <thingDef>Silver</thingDef>
          <countRange>
            <min>1</min>
            <max>15</max>
          </countRange>
        </li>
        <li>
          <thingDef>SeaShanty_Note</thingDef>
          <countRange>
            <min>1</min>
            <max>1</max>
          </countRange>
        </li>
	<li>
          <thingDef>Zal_Rum</thingDef>
          <countRange>
            <min>2</min>
            <max>4</max>
          </countRange>
        </li>
      </subOptionsChooseOne>
    </inventoryOptions>
    <initialWillRange>2~3</initialWillRange>
    <initialResistanceRange>7~12</initialResistanceRange>
  </PawnKindDef>

  <PawnKindDef>
    <defName>Pirate_Voodoo</defName>
    <label>witchdoctor</label>
    <race>Human</race>
    <combatPower>60</combatPower>
    <defaultFactionType>PirateCrewScum</defaultFactionType>
    <baseRecruitDifficulty>0.75</baseRecruitDifficulty>
    <backstoryFilters>
      <li>
        <categories>
          <li>Tribal</li>
        </categories>
      </li>
    </backstoryFilters>
    <isFighter>true</isFighter>
    <invNutrition>1</invNutrition>
    <backstoryCryptosleepCommonality>0.01</backstoryCryptosleepCommonality>
    <maxGenerationAge>40</maxGenerationAge>
    <gearHealthRange>
      <min>0.5</min>
      <max>1.8</max>
    </gearHealthRange>
    <apparelMoney>
      <min>1500</min>
      <max>3000</max>
    </apparelMoney>
    <apparelAllowHeadgearChance>0.8</apparelAllowHeadgearChance>
	<apparelIgnoreSeasons>true</apparelIgnoreSeasons>
    <apparelTags>
      <li>Pirate</li>      
      <li>PirateVoodoo</li>
    </apparelTags>
    <apparelRequired>
      <li>Pirate_BasicBrim</li>           
    </apparelRequired>
    <weaponMoney>
      <min>1000</min>
      <max>3000</max>
    </weaponMoney>
    <weaponTags>
      <li>PirateVoodooMelee</li>
      <li>PirateOfficer</li>
    </weaponTags>
    <inventoryOptions>
      <skipChance>0.2</skipChance>
      <subOptionsChooseOne>
        <li>
          <thingDef>Silver</thingDef>
          <countRange>
            <min>1</min>
            <max>15</max>
          </countRange>
        </li>
        <li>
          <thingDef>SeaShanty_Note</thingDef>
          <countRange>
            <min>1</min>
            <max>1</max>
          </countRange>
        </li>
	<li>
          <thingDef>Zal_Rum</thingDef>
          <countRange>
            <min>2</min>
            <max>5</max>
          </countRange>
        </li>
      </subOptionsChooseOne>
    </inventoryOptions>
    <initialWillRange>2~3</initialWillRange>
    <initialResistanceRange>7~12</initialResistanceRange>
  </PawnKindDef>

  <PawnKindDef>
    <defName>Pirate_Duelist</defName>
    <label>duelist</label>
    <race>Human</race>
    <combatPower>70</combatPower>
    <defaultFactionType>PirateCrewScum</defaultFactionType>
    <baseRecruitDifficulty>0.80</baseRecruitDifficulty>
    <backstoryFilters>
      <li>
        <categories>
          <li>Outlander</li>
        </categories>
      </li>
    </backstoryFilters>
    <isFighter>true</isFighter>
    <invNutrition>1</invNutrition>
    <backstoryCryptosleepCommonality>0.01</backstoryCryptosleepCommonality>
    <maxGenerationAge>40</maxGenerationAge>
    <gearHealthRange>
      <min>0.5</min>
      <max>1.8</max>
    </gearHealthRange>
    <disallowedTraits>
      <li>ShootingAccuracy</li>      
    </disallowedTraits>
    <apparelMoney>
      <min>1500</min>
      <max>3000</max>
    </apparelMoney>
    <apparelAllowHeadgearChance>0.8</apparelAllowHeadgearChance>
	<apparelIgnoreSeasons>true</apparelIgnoreSeasons>
    <apparelRequired>
      <li>Pirate_FancyBrim</li>
      <li MayRequire="Ludeon.RimWorld.Royalty">Apparel_Cape</li>            
    </apparelRequired>
    <apparelTags>
      <li>Pirate</li>
      <li>PirateMate</li>
    </apparelTags>
    <weaponMoney>
      <min>1000</min>
      <max>3000</max>
    </weaponMoney>
    <weaponTags>
      <li>PirateDuel</li>
    </weaponTags>
    <inventoryOptions>
      <skipChance>0.5</skipChance>
      <subOptionsChooseOne>
        <li>
          <thingDef>Silver</thingDef>
          <countRange>
            <min>1</min>
            <max>15</max>
          </countRange>
        </li>
        <li>
          <thingDef>SeaShanty_Note</thingDef>
          <countRange>
            <min>1</min>
            <max>1</max>
          </countRange>
        </li>
	<li>
          <thingDef>Zal_Rum</thingDef>
          <countRange>
            <min>1</min>
            <max>2</max>
          </countRange>
        </li>
      </subOptionsChooseOne>
    </inventoryOptions>
    <initialWillRange>2~3</initialWillRange>
    <initialResistanceRange>7~12</initialResistanceRange>
  </PawnKindDef>

  <PawnKindDef>
    <defName>Pirate_Swashbuckler</defName>
    <label>swashbuckler</label>
    <race>Human</race>
    <combatPower>80</combatPower>
    <defaultFactionType>PirateCrewScum</defaultFactionType>
    <baseRecruitDifficulty>0.80</baseRecruitDifficulty>
    <backstoryFilters>
      <li>
        <categories>
          <li>Outlander</li>
        </categories>
      </li>
    </backstoryFilters>
    <isFighter>true</isFighter>
    <invNutrition>1</invNutrition>
    <backstoryCryptosleepCommonality>0.01</backstoryCryptosleepCommonality>
    <maxGenerationAge>40</maxGenerationAge>
    <gearHealthRange>
      <min>0.5</min>
      <max>1.8</max>
    </gearHealthRange>
    <apparelMoney>
      <min>1500</min>
      <max>3000</max>
    </apparelMoney>
    <apparelAllowHeadgearChance>0.8</apparelAllowHeadgearChance>
	<apparelIgnoreSeasons>true</apparelIgnoreSeasons>
    <apparelTags>
      <li>Pirate</li>
      <li>PirateHat</li>
      <li>PirateMate</li>
    </apparelTags>
    <weaponMoney>
      <min>1000</min>
      <max>3000</max>
    </weaponMoney>
    <weaponTags>
      <li>PirateGun</li>
      <li>PirateOfficer</li>
      <li>PirateMelee</li>
    </weaponTags>
    <inventoryOptions>
      <skipChance>0.5</skipChance>
      <subOptionsChooseOne>
        <li>
          <thingDef>Silver</thingDef>
          <countRange>
            <min>1</min>
            <max>15</max>
          </countRange>
        </li>
        <li>
          <thingDef>SeaShanty_Note</thingDef>
          <countRange>
            <min>1</min>
            <max>1</max>
          </countRange>
        </li>
	<li>
          <thingDef>PirateRutter</thingDef>
          <countRange>
            <min>1</min>
            <max>1</max>
          </countRange>
        </li>
	<li>
          <thingDef>TreasureMap</thingDef>
          <countRange>
            <min>1</min>
            <max>1</max>
          </countRange>
        </li>
      </subOptionsChooseOne>
    </inventoryOptions>
    <initialWillRange>2~3</initialWillRange>
    <initialResistanceRange>7~12</initialResistanceRange>
  </PawnKindDef>

  <PawnKindDef>
    <defName>Pirate_Captain</defName>
    <label>captain</label>
    <race>Human</race>
    <combatPower>80</combatPower>
    <defaultFactionType>PirateCrewScum</defaultFactionType>
    <baseRecruitDifficulty>0.80</baseRecruitDifficulty>
    <backstoryFilters>
      <li>
        <categories>
          <li>Outlander</li>
        </categories>
      </li>
    </backstoryFilters>
    <isFighter>true</isFighter>
    <invNutrition>1</invNutrition>
    <backstoryCryptosleepCommonality>0.01</backstoryCryptosleepCommonality>
    <maxGenerationAge>40</maxGenerationAge>
    <gearHealthRange>
      <min>0.5</min>
      <max>1.8</max>
    </gearHealthRange>
    <apparelMoney>
      <min>1500</min>
      <max>3000</max>
    </apparelMoney>
    <apparelAllowHeadgearChance>0.8</apparelAllowHeadgearChance>
	<apparelIgnoreSeasons>true</apparelIgnoreSeasons>
    <apparelTags>      
      <li>PirateCaptain</li>
    </apparelTags>
    <weaponMoney>
      <min>1000</min>
      <max>3000</max>
    </weaponMoney>
    <weaponTags>      
      <li>PirateOfficer</li>      
    </weaponTags>
    <inventoryOptions>
      <skipChance>0.5</skipChance>
      <subOptionsChooseOne>
        <li>
          <thingDef>Silver</thingDef>
          <countRange>
            <min>1</min>
            <max>15</max>
          </countRange>
        </li>
        <li>
          <thingDef>SeaShanty_Note</thingDef>
          <countRange>
            <min>1</min>
            <max>1</max>
          </countRange>
        </li>
	<li>
          <thingDef>PirateRutter</thingDef>
          <countRange>
            <min>1</min>
            <max>1</max>
          </countRange>
        </li>
	<li>
          <thingDef>TreasureMap</thingDef>
          <countRange>
            <min>1</min>
            <max>1</max>
          </countRange>
        </li>
      </subOptionsChooseOne>
    </inventoryOptions>
    <initialWillRange>2~3</initialWillRange>
    <initialResistanceRange>7~12</initialResistanceRange>
  </PawnKindDef>

  <PawnKindDef>
    <defName>Pirate_King</defName>
    <label>king</label>
    <race>Human</race>
    <combatPower>85</combatPower>
    <defaultFactionType>PirateCrewScum</defaultFactionType>
    <baseRecruitDifficulty>0.90</baseRecruitDifficulty>
    <backstoryFilters>
      <li>
        <categories>
          <li>Outlander</li>
        </categories>
      </li>
    </backstoryFilters>
    <invNutrition>1</invNutrition>
    <backstoryCryptosleepCommonality>0.2</backstoryCryptosleepCommonality>
    <maxGenerationAge>50</maxGenerationAge>
    <factionLeader>true</factionLeader>
    <gearHealthRange>
      <min>0.4</min>
      <max>1.5</max>
    </gearHealthRange>
    <apparelMoney>
      <min>2000</min>
      <max>5000</max>
    </apparelMoney>
    <apparelTags>
      <li>PirateKing</li>
    </apparelTags>
    <apparelAllowHeadgearChance>1.0</apparelAllowHeadgearChance>
	<apparelIgnoreSeasons>true</apparelIgnoreSeasons>
    <weaponMoney>
      <min>2450</min>
      <max>5000</max>
    </weaponMoney>
    <weaponTags>
      <li>PirateOfficer</li>
      <li>PirateKing</li>
    </weaponTags>
    <techHediffsMoney>
      <min>0</min>
      <max>35</max>
    </techHediffsMoney>
    <techHediffsTags>
      <li>Poor</li>
    </techHediffsTags>
    <techHediffsChance>0.1</techHediffsChance>
    <inventoryOptions>
      <skipChance>0.3</skipChance>
      <subOptionsChooseOne>
        <li>
          <thingDef>Silver</thingDef>
          <countRange>
            <min>80</min>
            <max>160</max>
          </countRange>
        </li>        
	<li>
          <thingDef>TreasureMap</thingDef>
          <countRange>
            <min>1</min>
            <max>2</max>
          </countRange>
        </li>
	<li>
          <thingDef>PirateRutter</thingDef>
          <countRange>
            <min>1</min>
            <max>1</max>
          </countRange>
        </li>
	<li>
          <thingDef>LetterMarque</thingDef>
          <countRange>
            <min>1</min>
            <max>1</max>
          </countRange>
        </li>
      </subOptionsChooseOne>
    </inventoryOptions>
    <initialWillRange>2~3</initialWillRange>
    <initialResistanceRange>7~12</initialResistanceRange>
  </PawnKindDef>

<PawnKindDef>
    <defName>Pirate_Cannoneer</defName>
    <label>cannoneer</label>
    <race>Human</race>
    <combatPower>50</combatPower>
    <defaultFactionType>PirateCrewScum</defaultFactionType>
    <baseRecruitDifficulty>0.70</baseRecruitDifficulty>
    <backstoryFilters>
      <li>
        <categories>
          <li>Outlander</li>
        </categories>
      </li>
    </backstoryFilters>
    <isFighter>true</isFighter>
    <invNutrition>1</invNutrition>
    <backstoryCryptosleepCommonality>0.01</backstoryCryptosleepCommonality>
    <maxGenerationAge>40</maxGenerationAge>
    <disallowedTraits>
      <li>Brawler</li>
    </disallowedTraits>
    <gearHealthRange>
      <min>0.5</min>
      <max>1.8</max>
    </gearHealthRange>
    <apparelMoney>
      <min>500</min>
      <max>1000</max>
    </apparelMoney>
    <apparelAllowHeadgearChance>0.5</apparelAllowHeadgearChance>
	<apparelIgnoreSeasons>true</apparelIgnoreSeasons>
    <apparelTags>
      <li>PirateHat</li>
    </apparelTags>
    <apparelRequired>
      <li>Pirate_StripedPants</li>
      <li>Pirate_MundaneShirt</li>              
    </apparelRequired>
    <weaponMoney>
      <min>600</min>
      <max>1800</max>
    </weaponMoney>
    <weaponTags>
      <li>PirateCannon</li>
    </weaponTags>
    <inventoryOptions>
      <skipChance>0.7</skipChance>
      <subOptionsChooseOne>
        <li>
          <thingDef>TreasureMap</thingDef>
          <countRange>
            <min>1</min>
            <max>1</max>
          </countRange>
        </li>
        <li>
          <thingDef>SeaShanty_Note</thingDef>
          <countRange>
            <min>1</min>
            <max>1</max>
          </countRange>
        </li>
	<li>
          <thingDef>Zal_Rum</thingDef>
          <countRange>
            <min>2</min>
            <max>4</max>
          </countRange>
        </li>
      </subOptionsChooseOne>
    </inventoryOptions>
    <initialWillRange>2~3</initialWillRange>
    <initialResistanceRange>7~12</initialResistanceRange>
  </PawnKindDef>

<PawnKindDef>
    <defName>Pirate_Grenadier</defName>
    <label>grenadier</label>
    <race>Human</race>
    <combatPower>60</combatPower>
    <defaultFactionType>PirateCrewScum</defaultFactionType>
    <baseRecruitDifficulty>0.70</baseRecruitDifficulty>
    <backstoryFilters>
      <li>
        <categories>
          <li>Outlander</li>
        </categories>
      </li>
    </backstoryFilters>
    <isFighter>true</isFighter>
    <invNutrition>1</invNutrition>
    <backstoryCryptosleepCommonality>0.01</backstoryCryptosleepCommonality>
    <maxGenerationAge>40</maxGenerationAge>
    <disallowedTraits>
      <li>Brawler</li>
    </disallowedTraits>
    <canBeSapper>true</canBeSapper>
    <isGoodBreacher>true</isGoodBreacher>
    <gearHealthRange>
      <min>0.5</min>
      <max>1.8</max>
    </gearHealthRange>
    <apparelMoney>
      <min>500</min>
      <max>1000</max>
    </apparelMoney>
    <apparelAllowHeadgearChance>0.5</apparelAllowHeadgearChance>
	<apparelIgnoreSeasons>true</apparelIgnoreSeasons>
    <apparelTags>
      <li>Pirate</li>
    </apparelTags>
    <apparelRequired>
      <li>Pirate_IrateMoron</li>
    </apparelRequired>
    <weaponMoney>
      <min>600</min>
      <max>1800</max>
    </weaponMoney>
    <weaponTags>
      <li>PirateGrenade</li>
    </weaponTags>
    <inventoryOptions>
      <skipChance>0.7</skipChance>
      <subOptionsChooseOne>
        <li>
          <thingDef>Silver</thingDef>
          <countRange>
            <min>1</min>
            <max>15</max>
          </countRange>
        </li>
        <li>
          <thingDef>SeaShanty_Note</thingDef>
          <countRange>
            <min>1</min>
            <max>1</max>
          </countRange>
        </li>
	<li>
          <thingDef>Zal_Rum</thingDef>
          <countRange>
            <min>2</min>
            <max>4</max>
          </countRange>
        </li>
      </subOptionsChooseOne>
    </inventoryOptions>
    <initialWillRange>2~3</initialWillRange>
    <initialResistanceRange>7~12</initialResistanceRange>
  </PawnKindDef>

</Defs>