<?xml version="1.0" encoding="utf-8" ?>
<Patch>

 <Operation Class="PatchOperationFindMod">
    <mods>
	  <li>The Formic Race</li>
    </mods>
      <match Class="PatchOperationSequence">
      <operations>
		<li Class="PatchOperationAdd">					
		  <xpath>Defs/FactionDef[@Name="PirateCrewBase"]/pawnGroupMakers/li[1]/options</xpath>
		    <value>
			  <Pirate_Formic>2</Pirate_Formic>
			</value>
		</li>	  
		<li Class="PatchOperationAdd">					
		  <xpath>Defs/FactionDef[@Name="PirateCrewBase"]/pawnGroupMakers/li[2]/options</xpath>
		    <value>
			  <Pirate_Formic>2</Pirate_Formic>
			</value>
		</li>
	  </operations>			
      </match>
  </Operation>
  
</Patch>  