<?xml version="1.0" encoding="utf-8" ?>
<Defs>

  <ThingDef ParentName="BuildingBase">
    <defName>Turret_Cannon</defName>
    <label>pirate cannon</label>
    <description>A ship's cannon, now mounted to a base. Must be manned.</description>
    <thingClass>Building_TurretGun</thingClass>
    <drawerType>MapMeshAndRealTime</drawerType>
    <graphicData>
      <texPath>Turret/CannonBase</texPath>
      <graphicClass>Graphic_Single</graphicClass>
      <drawSize>(2,2)</drawSize>
      <damageData>
        <rect>(0.38,0.2,0.56375,0.8)</rect>
      </damageData>
      <shadowData>
        <volume>(0.27,0.25,0.27)</volume>
        <offset>(0,0,0)</offset>
      </shadowData>
    </graphicData>
    <uiIconPath>Turret/CannonTurretUI</uiIconPath>
    <uiIconScale>0.90</uiIconScale>
    <minifiedDef>MinifiedThing</minifiedDef>
    <altitudeLayer>Building</altitudeLayer>
    <stealable>false</stealable>
    <rotatable>true</rotatable>
    <thingCategories>
      <li>BuildingsSecurity</li>
    </thingCategories>
	<size>(2,2)</size>
		<hasInteractionCell>True</hasInteractionCell>
		<interactionCellOffset>(1,0,-1)</interactionCellOffset>
    <statBases>
      <MaxHitPoints>160</MaxHitPoints>
      <Flammability>0.6</Flammability>
      <WorkToBuild>3000</WorkToBuild>
      <Mass>30</Mass>
      <Beauty>-10</Beauty>
      <ShootingAccuracyTurret>0.86</ShootingAccuracyTurret>
    </statBases>
    <tickerType>Normal</tickerType>
    <comps>
			<li Class="CompProperties_Forbiddable"/>
			<li Class="CompProperties_Mannable">
				<manWorkType>Violent</manWorkType>
			</li>
			<!--<li Class="CompProperties_Refuelable">
        <fuelLabel>Shots until barrel change</fuelLabel>
        <fuelGizmoLabel>Barrel durability</fuelGizmoLabel>
        <fuelFilter>
          <thingDefs>
            <li>Steel</li>
          </thingDefs>
        </fuelFilter>
        <fuelCapacity>160</fuelCapacity>
        <initialFuelPercent>1</initialFuelPercent>
        <autoRefuelPercent>0.50</autoRefuelPercent>
        <showFuelGizmo>true</showFuelGizmo>
        <minimumFueledThreshold>1</minimumFueledThreshold>
        <fuelMultiplier>4</fuelMultiplier>
        <factorByDifficulty>true</factorByDifficulty>
        <consumeFuelOnlyWhenUsed>true</consumeFuelOnlyWhenUsed>
        <outOfFuelMessage>Cannot operate: Needs new barrel</outOfFuelMessage>
        <fuelIconPath>UI/Overlays/Barrel</fuelIconPath>
      </li>-->
    </comps>
    <passability>PassThroughOnly</passability>
    <pathCost>40</pathCost>
    <fillPercent>0.4</fillPercent>
	<castEdgeShadows>true</castEdgeShadows>
    <hasTooltip>true</hasTooltip>    
    <costList>
      <Pirate_Cannon>1</Pirate_Cannon>
	<WoodLog>20</WoodLog>
	<Steel>20</Steel>
      <ComponentIndustrial>2</ComponentIndustrial>
    </costList>
    <terrainAffordanceNeeded>Light</terrainAffordanceNeeded>
    <designationCategory>Security</designationCategory>
	<specialDisplayRadius>28</specialDisplayRadius>
    <constructionSkillPrerequisite>5</constructionSkillPrerequisite>
    <building>
      <combatPower>45</combatPower>   <!-- same as a scavenger -->
      <ai_combatDangerous>true</ai_combatDangerous>
			<turretBurstCooldownTime>5</turretBurstCooldownTime>
			<turretGunDef>Gun_TurretCannon</turretGunDef> 
    </building>
    <placeWorkers>
      <li>PlaceWorker_TurretTop</li>
      <!--<li>PlaceWorker_ShowTurretRadius</li>-->
    </placeWorkers>
    <designationHotKey>Misc10</designationHotKey>
    <researchPrerequisites>
      <li>PirateGuns</li>
    </researchPrerequisites>
  </ThingDef>

  <ThingDef ParentName="BaseBullet">
    <defName>Bullet_Cannonball</defName>
    <label>cannonball</label>
    <graphicData>
      <texPath>PirateWeapons/CannonBall</texPath>
      <graphicClass>Graphic_Single</graphicClass>
	<shaderType>TransparentPostLight</shaderType>
    </graphicData>
    <thingClass>Projectile_Explosive</thingClass>
    <projectile>
      <damageDef>Bomb</damageDef>
      <!-- Use default damage from explosion def -->
      <explosionRadius>2</explosionRadius>
      <speed>30</speed>
    </projectile>
  </ThingDef>

  <ThingDef ParentName="BaseWeaponTurret">
    <defName>Gun_TurretCannon</defName>
    <label>cannon</label>
    <description>A ship's cannon mounted on a simple base.</description>
    <graphicData>
      <texPath>Turret/Cannon_Top</texPath>
      <graphicClass>Graphic_Single</graphicClass>
    </graphicData>
	<soundInteract>Interact_Rifle</soundInteract>		
		<tradeability>None</tradeability>
		<destroyOnDrop>true</destroyOnDrop>
	<useHitPoints>false</useHitPoints>
    <weaponTags Inherit="false">
      <li>TurretGun</li>
    </weaponTags>
    <statBases>
      <AccuracyTouch>0.40</AccuracyTouch>
      <AccuracyShort>0.35</AccuracyShort>
      <AccuracyMedium>0.20</AccuracyMedium>
      <AccuracyLong>0.15</AccuracyLong>
      <RangedWeapon_Cooldown>7</RangedWeapon_Cooldown>
      <DeteriorationRate>0</DeteriorationRate>
      <Mass>14</Mass>
      <Flammability>0</Flammability>
    </statBases>
    <verbs>
      <li>
        <verbClass>Verb_Shoot</verbClass>
        <defaultProjectile>Bullet_Cannonball</defaultProjectile>
        <warmupTime>4</warmupTime>
        <forcedMissRadius>2</forcedMissRadius>        
        <ai_AvoidFriendlyFireRadius>5</ai_AvoidFriendlyFireRadius>
        <range>30</range>
        <soundCast>Shot_PirateCannon</soundCast>
        <soundCastTail>GunTail_Heavy</soundCastTail>        
        <muzzleFlashScale>18</muzzleFlashScale>
	<!--<consumeFuelPerShot>1</consumeFuelPerShot>-->
      </li>
    </verbs>
  </ThingDef>

	
	
</Defs>    