﻿<?xml version="1.0" encoding="utf-8"?>
<Defs>

<ThingDef Name="PirateHatMakeableBase" ParentName="ApparelMakeableBase" Abstract="True">
    <thingCategories>
      <li>PirateHat</li>      
    </thingCategories>
  </ThingDef>

<ThingDef Name="PirateArmorHelmetMakeableBase" ParentName="ArmorSmithableBase" Abstract="True">
    <thingCategories>
      <li>PirateArmorHeadgear</li>      
    </thingCategories>
  </ThingDef>

  <!--capn-->
  <ThingDef ParentName="PirateHatMakeableBase">
    <defName>Pirate_WassupCap</defName>
    <label>bicorne</label>
    <description>Awe inspiring hat. Much like a kings with crowns, Only captain with bicornes are acknowledged as real deal.</description>
    <recipeMaker>
      <researchPrerequisite>ComplexClothing</researchPrerequisite>
    </recipeMaker>
    <graphicData>
      <texPath>PirHats/Addyhat</texPath>
      <graphicClass>Graphic_Single</graphicClass>
	<shaderType>CutoutComplex</shaderType>
    </graphicData>
    <costStuffCount>25</costStuffCount>
    <stuffCategories>
      <li>Fabric</li>
      <li>Leathery</li>
    </stuffCategories>
    <statBases>
      <MaxHitPoints>80</MaxHitPoints>
      <WorkToMake>1800</WorkToMake>
      <ArmorRating_Blunt>0.03</ArmorRating_Blunt>
      <ArmorRating_Sharp>0.03</ArmorRating_Sharp>
      <Insulation_Cold>1</Insulation_Cold>
      <Mass>0.3</Mass>
    </statBases>
    <equippedStatOffsets>
      <SocialImpact>0.25</SocialImpact>
    </equippedStatOffsets>
    <apparel>
      <bodyPartGroups>
        <li>UpperHead</li>
      </bodyPartGroups>
      <wornGraphicPath>PirHats/Addyhat</wornGraphicPath>
	<useWornGraphicMask>true</useWornGraphicMask>
      <layers>
        <li>Overhead</li>
      </layers>
      <tags>	
	<li>PirateHat</li>
        <li>PirateCaptain</li>
      </tags>
    </apparel>
    <colorGenerator Class="ColorGenerator_Options">
      <options>
        <li>
          <weight>4</weight>
          <only>RGBA(1,1,1,1)</only>
        </li>
      </options>
    </colorGenerator>
<tradeTags>
      <li>Pirate</li>
    </tradeTags>
  </ThingDef>

  <ThingDef ParentName="PirateHatMakeableBase">
    <defName>Pirate_WassupCapTwo</defName>
    <label>captain's tricorne</label>
    <description>Tricorne with captain's insignia.</description>
    <recipeMaker>
      <researchPrerequisite>ComplexClothing</researchPrerequisite>
    </recipeMaker>
    <graphicData>
      <texPath>PirHats/Cappyhat</texPath>
      <graphicClass>Graphic_Single</graphicClass>
	<shaderType>CutoutComplex</shaderType>
    </graphicData>
    <costStuffCount>25</costStuffCount>
    <stuffCategories>
      <li>Fabric</li>
      <li>Leathery</li>
    </stuffCategories>
    <statBases>
      <MaxHitPoints>80</MaxHitPoints>
      <WorkToMake>1800</WorkToMake>
      <ArmorRating_Blunt>0.05</ArmorRating_Blunt>
      <ArmorRating_Sharp>0.04</ArmorRating_Sharp>
      <Insulation_Cold>1</Insulation_Cold>
      <Mass>0.3</Mass>
    </statBases>
    <equippedStatOffsets>
      <SocialImpact>0.15</SocialImpact>
    </equippedStatOffsets>
    <apparel>
      <bodyPartGroups>
        <li>UpperHead</li>
      </bodyPartGroups>
      <wornGraphicPath>PirHats/Cappyhat</wornGraphicPath>
	<useWornGraphicMask>true</useWornGraphicMask>
      <layers>
        <li>Overhead</li>
      </layers>
      <tags>
	<li>PirateHat</li>	
        <li>PirateCaptain</li>
      </tags>
    </apparel>
    <colorGenerator Class="ColorGenerator_Options">
      <options>
        <li>
          <weight>4</weight>
          <only>RGBA(1,1,1,1)</only>
        </li>
      </options>
    </colorGenerator>
<tradeTags>
      <li>Pirate</li>
    </tradeTags>
  </ThingDef>

  <ThingDef ParentName="PirateHatMakeableBase">
    <defName>Pirate_FancyBrim</defName>
    <label>duelist's hat</label>
    <description>Well decorated brimmed hat.</description>
    <recipeMaker>
      <researchPrerequisite>ComplexClothing</researchPrerequisite>
    </recipeMaker>
    <graphicData>
      <texPath>PirHats/Swashbuckler</texPath>
      <graphicClass>Graphic_Single</graphicClass>
    </graphicData>
    <costStuffCount>25</costStuffCount>
    <stuffCategories>
      <li>Fabric</li>
      <li>Leathery</li>
    </stuffCategories>
    <statBases>
      <MaxHitPoints>80</MaxHitPoints>
      <WorkToMake>1800</WorkToMake>
      <ArmorRating_Blunt>0.04</ArmorRating_Blunt>
      <ArmorRating_Sharp>0.02</ArmorRating_Sharp>
      <Insulation_Cold>1</Insulation_Cold>
      <Mass>0.3</Mass>
    </statBases>
    <equippedStatOffsets>
      <SocialImpact>0.05</SocialImpact>
      <MeleeHitChance>0.02</MeleeHitChance>
    </equippedStatOffsets>
    <apparel>
      <bodyPartGroups>
        <li>UpperHead</li>
      </bodyPartGroups>
      <wornGraphicPath>PirHats/Swashbuckler</wornGraphicPath>
      <layers>
        <li>Overhead</li>
      </layers>
      <tags>	
        <li>PirateDuel</li>
      </tags>
    </apparel>
    <colorGenerator Class="ColorGenerator_Options">
      <options>
        <li>
          <weight>4</weight>
          <only>RGBA(1,1,1,1)</only>
        </li>
      </options>
    </colorGenerator>
	<tradeTags>
      <li>Pirate</li>
    </tradeTags>
</ThingDef>

  <ThingDef ParentName="PirateHatMakeableBase">
    <defName>Pirate_BasicBrim</defName>
    <label>voodoo hat</label>
    <description>Hat filled with mystery, and sometimes bunnies, paychecks, oranges or various other loot.</description>
    <recipeMaker>
      <researchPrerequisite>ComplexClothing</researchPrerequisite>
    </recipeMaker>
    <graphicData>
      <texPath>PirHats/Feathercap</texPath>
      <graphicClass>Graphic_Single</graphicClass>
	<shaderType>CutoutComplex</shaderType>
    </graphicData>
    <costStuffCount>30</costStuffCount>
    <stuffCategories>
      <li>Fabric</li>
      <li>Leathery</li>
    </stuffCategories>
    <statBases>
      <MaxHitPoints>80</MaxHitPoints>
      <WorkToMake>1800</WorkToMake>
      <ArmorRating_Blunt>0.04</ArmorRating_Blunt>
      <ArmorRating_Sharp>0.02</ArmorRating_Sharp>
      <Insulation_Cold>1</Insulation_Cold>
      <Mass>0.3</Mass>
    </statBases>
    <equippedStatOffsets>
      <SocialImpact>-0.15</SocialImpact>
      <PsychicSensitivity>-0.1</PsychicSensitivity>
    </equippedStatOffsets>
    <apparel>
      <bodyPartGroups>
        <li>FullHead</li>
      </bodyPartGroups>
      <wornGraphicPath>PirHats/Feathercap</wornGraphicPath>
	<useWornGraphicMask>true</useWornGraphicMask>
      <layers>
        <li>Overhead</li>
      </layers>
      <tags>	
        <li>PirateVoodoo</li>
      </tags>
    </apparel>
    <colorGenerator Class="ColorGenerator_Options">
      <options>
        <li>
          <weight>4</weight>
          <only>RGBA(1,1,1,1)</only>
        </li>
      </options>
    </colorGenerator>
	<tradeTags>
      <li>Pirate</li>
    </tradeTags>	
  </ThingDef>

  <ThingDef ParentName="PirateHatMakeableBase">
    <defName>Pirate_VoodooLady</defName>
    <label>voodoo headwrap</label>
    <description>Lump of decorated cloth.</description>
    <graphicData>
      <texPath>PirHats/Gyp</texPath>
      <graphicClass>Graphic_Single</graphicClass>
	<shaderType>CutoutComplex</shaderType>
    </graphicData>
    <costStuffCount>30</costStuffCount>
    <stuffCategories>
      <li>Fabric</li>
    </stuffCategories>
    <statBases>
      <MaxHitPoints>80</MaxHitPoints>
      <WorkToMake>1200</WorkToMake>
      <Insulation_Cold>1</Insulation_Cold>
      <Mass>0.3</Mass>
    </statBases>
    <equippedStatOffsets>
      <PsychicSensitivity>-0.1</PsychicSensitivity>
    </equippedStatOffsets>
    <apparel>
      <bodyPartGroups>
        <li>UpperHead</li>
      </bodyPartGroups>
      <wornGraphicPath>PirHats/Gyp</wornGraphicPath>
	<useWornGraphicMask>true</useWornGraphicMask>
      <layers>
        <li>Overhead</li>
      </layers>
      <tags>
        <li>PirateHat</li>        
      </tags>
    </apparel>
    <colorGenerator Class="ColorGenerator_Options">
      <options>
        <li>
          <weight>4</weight>
          <only>RGBA(1,1,1,1)</only>
        </li>
      </options>
    </colorGenerator>
	<tradeTags>
      <li>Pirate</li>
    </tradeTags>
	</ThingDef>

  <ThingDef ParentName="PirateArmorHelmetMakeableBase">
    <defName>Pirate_IrateMoron</defName>
    <label>morion</label>
    <description>Very basic morion. Keeps your head safe from blows.. sometimes, if you're lucky.</description>
    <graphicData>
      <texPath>PirHats/Cong</texPath>
      <graphicClass>Graphic_Single</graphicClass>
    </graphicData>
    <stuffCategories>
      <li>Metallic</li>
    </stuffCategories>
    <costStuffCount>40</costStuffCount>
    <statBases>
      <WorkToMake>3200</WorkToMake>
      <MaxHitPoints>100</MaxHitPoints>
      <MarketValue>250</MarketValue>
      <ArmorRating_Blunt>0.2</ArmorRating_Blunt>
      <ArmorRating_Sharp>0.2</ArmorRating_Sharp>
      <Mass>0.3</Mass>
    </statBases>
    <recipeMaker>
      <researchPrerequisite>Smithing</researchPrerequisite>
      <recipeUsers>
        <li>ElectricSmithy</li>
        <li>FueledSmithy</li>
      </recipeUsers>
    </recipeMaker>
    <apparel>
      <bodyPartGroups>
        <li>UpperHead</li>
      </bodyPartGroups>
      <wornGraphicPath>PirHats/Cong</wornGraphicPath>
      <layers>
        <li>Overhead</li>
      </layers>
      <tags>
        <li>PirateHat</li>	
        <li>PirateMate</li>
      </tags>
    </apparel>
    <colorGenerator Class="ColorGenerator_Options">
      <options>
        <li>
          <weight>10</weight>
          <only>RGBA(1,1,1,1)</only>
        </li>
        <li>
          <weight>10</weight>
          <only>RGBA(1,1,0.65,1)</only>
        </li>
        <li>
          <weight>6</weight>
          <min>RGBA(0.4,0.6,0.6,1)</min>
          <max>RGBA(1,1,1,1)</max>
        </li>
      </options>
    </colorGenerator>
	<tradeTags>
      <li>Pirate</li>
    </tradeTags>
</ThingDef>

<ThingDef ParentName="PirateArmorHelmetMakeableBase">
    <defName>Pirate_Crown</defName>
    <label>crown</label>
    <description>A pirate crown for a pirate king.</description>
    <graphicData>
      <texPath>PirHats/PirateCrown</texPath>
      <graphicClass>Graphic_Single</graphicClass>
	<shaderType>CutoutComplex</shaderType>
    </graphicData>
    <stuffCategories>
      <li>Metallic</li>
    </stuffCategories>
    <costStuffCount>60</costStuffCount>
    <statBases>
      <WorkToMake>3200</WorkToMake>
      <MaxHitPoints>100</MaxHitPoints>
      <MarketValue>450</MarketValue>
      <ArmorRating_Blunt>0.2</ArmorRating_Blunt>
      <ArmorRating_Sharp>0.2</ArmorRating_Sharp>
      <Mass>0.3</Mass>
    </statBases>
    <recipeMaker>
      <researchPrerequisite>Smithing</researchPrerequisite>
      <recipeUsers>
        <li>ElectricSmithy</li>
        <li>FueledSmithy</li>
      </recipeUsers>
    </recipeMaker>
    <apparel>
      <bodyPartGroups>
        <li>UpperHead</li>
      </bodyPartGroups>
      <wornGraphicPath>PirHats/PirateCrown</wornGraphicPath>
	<useWornGraphicMask>true</useWornGraphicMask>
      <layers>
        <li>Overhead</li>
      </layers>
      <tags>
        <li>PirateKing</li>       
      </tags>
    </apparel>
    <colorGenerator Class="ColorGenerator_Options">
      <options>
        <li>
          <weight>10</weight>
          <only>RGBA(1,1,1,1)</only>
        </li>
        <li>
          <weight>10</weight>
          <only>RGBA(1,1,0.65,1)</only>
        </li>
        <li>
          <weight>6</weight>
          <min>RGBA(0.4,0.6,0.6,1)</min>
          <max>RGBA(1,1,1,1)</max>
        </li>
      </options>
    </colorGenerator>
	<tradeTags>
      <li>Pirate</li>
    </tradeTags>
</ThingDef>

  <ThingDef ParentName="PirateHatMakeableBase">
    <defName>Pirate_Bandana</defName>
    <label>bandana</label>
    <description>A piece of cloth, worn on head.</description>
    <graphicData>
      <texPath>PirHats/Bandana</texPath>
      <graphicClass>Graphic_Single</graphicClass>
    </graphicData>
    <costStuffCount>25</costStuffCount>
    <stuffCategories>
      <li>Fabric</li>
    </stuffCategories>
    <statBases>
      <MaxHitPoints>80</MaxHitPoints>
      <WorkToMake>1200</WorkToMake>
      <ArmorRating_Blunt>0.01</ArmorRating_Blunt>
      <ArmorRating_Sharp>0.01</ArmorRating_Sharp>
      <Insulation_Cold>1</Insulation_Cold>
      <Mass>0.3</Mass>
    </statBases>
    <apparel>
      <bodyPartGroups>
        <li>UpperHead</li>
      </bodyPartGroups>
      <wornGraphicPath>PirHats/Bandana</wornGraphicPath>
      <layers>
        <li>Overhead</li>
      </layers>
      <tags>        
        <li>PirateHat</li>
      </tags>
    </apparel>
    <colorGenerator Class="ColorGenerator_Options">
      <options>
        <li>
          <weight>4</weight>
          <only>RGBA(1,1,1,1)</only>
        </li>
      </options>
    </colorGenerator>
	<tradeTags>
      <li>Pirate</li>
    </tradeTags>	
  </ThingDef>

  <ThingDef ParentName="PirateHatMakeableBase">
    <defName>Pirate_FancyBandana</defName>
    <label>fancy bandana</label>
    <description>A fancy piece of cloth, worn on the head.</description>
    <graphicData>
      <texPath>PirHats/Scarf</texPath>
      <graphicClass>Graphic_Single</graphicClass>
    </graphicData>
    <costStuffCount>25</costStuffCount>
    <stuffCategories>
      <li>Fabric</li>
    </stuffCategories>
    <statBases>
      <MaxHitPoints>80</MaxHitPoints>
      <WorkToMake>1200</WorkToMake>
      <ArmorRating_Blunt>0.01</ArmorRating_Blunt>
      <ArmorRating_Sharp>0.01</ArmorRating_Sharp>
      <Insulation_Cold>1</Insulation_Cold>
      <Mass>0.3</Mass>
    </statBases>
    <equippedStatOffsets>
      <SocialImpact>0.01</SocialImpact>
    </equippedStatOffsets>
    <apparel>
      <bodyPartGroups>
        <li>UpperHead</li>
      </bodyPartGroups>
      <wornGraphicPath>PirHats/Scarf</wornGraphicPath>
      <layers>
        <li>Overhead</li>
      </layers>
      <tags>        
	<li>PirateHat</li>
      </tags>
    </apparel>
    <colorGenerator Class="ColorGenerator_Options">
      <options>
        <li>
          <weight>4</weight>
          <only>RGBA(1,1,1,1)</only>
        </li>
      </options>
    </colorGenerator>
	<tradeTags>
      <li>Pirate</li>
    </tradeTags>	
  </ThingDef>

  <ThingDef ParentName="PirateHatMakeableBase">
    <defName>Pirate_Tricorne</defName>
    <label>tricorne</label>
    <description>Simple tricorne hat.</description>
    <recipeMaker>
      <researchPrerequisite>ComplexClothing</researchPrerequisite>
    </recipeMaker>
    <graphicData>
      <texPath>PirHats/Tricorne</texPath>
      <graphicClass>Graphic_Single</graphicClass>
	<shaderType>CutoutComplex</shaderType>
    </graphicData>
    <costStuffCount>25</costStuffCount>
    <stuffCategories>
      <li>Fabric</li>
      <li>Leathery</li>
    </stuffCategories>
    <statBases>
      <MaxHitPoints>80</MaxHitPoints>
      <WorkToMake>1800</WorkToMake>
      <ArmorRating_Blunt>0.05</ArmorRating_Blunt>
      <ArmorRating_Sharp>0.04</ArmorRating_Sharp>
      <Insulation_Cold>1</Insulation_Cold>
      <Mass>0.3</Mass>
    </statBases>
    <equippedStatOffsets>
      <SocialImpact>0.15</SocialImpact>
    </equippedStatOffsets>
    <apparel>
      <bodyPartGroups>
        <li>UpperHead</li>
      </bodyPartGroups>
      <wornGraphicPath>PirHats/Tricorne</wornGraphicPath>
	<useWornGraphicMask>true</useWornGraphicMask>
      <layers>
        <li>Overhead</li>
      </layers>
      <tags>	
	<li>PirateHat</li>        
      </tags>
    </apparel>
    <colorGenerator Class="ColorGenerator_Options">
      <options>
        <li>
          <weight>4</weight>
          <only>RGBA(1,1,1,1)</only>
        </li>
      </options>
    </colorGenerator>
<tradeTags>
      <li>Pirate</li>
    </tradeTags>
  </ThingDef>

</Defs>